CO_PAIS,CO_PAIS_ISON3,CO_PAIS_ISOA3,NO_PAIS,NO_PAIS_ING,NO_PAIS_ESP,LAT,LON
0,898,ZZZ,Nï¿½o Definido,Not defined,No definido,,
13,4,AFG,Afeganistï¿½o,Afghanistan,Afganistan,33.7680065,66.2385139
15,248,ALA,"Aland, Ilhas",Aland Islands,"Alans, Islas",60.1515942,20.0880306
17,8,ALB,Albï¿½nia,Albania,Albania,41.000028,19.9999619
20,724,ESP,"Alboran-Perejil, Ilhas","Alboran-Perejil, Islands","Alboran-Perejil, Islas",,
23,276,DEU,Alemanha,Germany,Alemania,51.1638175,10.4478313
25,278,DEU,Alemanha Oriental,East Germany,Alemania del Este,54.5077516,9.5482377
31,854,BFA,Burkina Faso,Burkina Faso,Burkina Faso,12.0753083,-1.6880314
37,20,AND,Andorra,Andorra,Andorra,42.5407167,1.5732033
40,24,AGO,Angola,Angola,Angola,-11.8775768,17.5691241
41,660,AIA,Anguilla,Anguilla,Anguilla,18.1954947,-63.0750234
42,10,ATA,Antï¿½rtica,Antarctica,Antï¿½rtida,-72.8438691,0.0
43,28,ATG,Antï¿½gua e Barbuda,Antigua and Barbuda,Antigua y Barbuda,17.2234721,-61.9554608
47,530,ANT,Antilhas Holandesas,Netherlands Antilles,Antillas Holandesas,12.1845,-68.6607923
53,682,SAU,Arï¿½bia Saudita,Saudi Arabia,Arabia Saudita,25.6242618,42.3528328
59,12,DZA,Argï¿½lia,Algeria,Argelia,28.0000272,2.9999825
63,32,ARG,Argentina,Argentina,Argentina,-34.9964963,-64.9672817
64,51,ARM,Armï¿½nia,Armenia,Armenia,40.7696272,44.6736646
65,533,ABW,Aruba,Aruba,Aruba,12.5013629,-69.9618475
69,36,AUS,Austrï¿½lia,Australia,Australia,,
72,40,AUT,ï¿½ustria,Austria,Austria,47.59397,14.12456
73,31,AZE,Azerbaijï¿½o,Azerbaijan,Acerbaiyan,40.3936294,47.7872508
77,44,BHS,Bahamas,Bahamas,Bahamas,24.7736546,-78.0000547
80,48,BHR,Barein,Bahrein,Bahrein,26.1551249,50.5344606
81,50,BGD,Bangladesh,Bangladesh,Bangladesh,24.4769288,90.2934413
83,52,BRB,Barbados,Barbados,Barbados,13.1500331,-59.5250305
85,112,BLR,Belarus,Belarus,Belarï¿½s,53.4250605,27.6971358
87,56,BEL,Bï¿½lgica,Belgium,Bï¿½lgica,50.6402809,4.6667145
88,84,BLZ,Belize,Belize,Belice,17.1204943,-88.6859028
90,60,BMU,Bermudas,Bermuda,Bermuda,32.3040273,-64.7563086
93,104,MMR,Mianmar,Myanmar,Myanmar,17.1750495,95.9999652
97,68,BOL,Bolï¿½via,Bolivia,Bolivia,-17.0568696,-64.9912286
98,70,BIH,Bï¿½snia-Herzegovina,Bosnia and Herzegovina,Bosnia y Herzegovina,44.3053476,17.5961467
99,535,BES,"Bonaire, Saint Eustatius e Saba","Bonaire, Saint Eustatius and Saba","Bonaire, Saint Eustatius y Saba",,
100,898,BRA,Internaï¿½ï¿½o na Zona Franca de Manaus,Internment in the Manaus Free Trade Zone,Internamiento de la Zona Franca de Manaus,,
101,72,BWA,Botsuana,Botswana,Botswana,-23.1681782,24.5928742
102,74,BVT,"Bouvet, Ilha",Bouvet Island,"Bouvet, Isla",-54.4215,3.3574416
105,76,BRA,Brasil,Brazil,Brasil,-10.3333333,-53.2
108,96,BRN,Brunei,Brunei,Brunei,4.4137155,114.5653908
111,100,BGR,Bulgï¿½ria,Bulgaria,Bulgaria,42.6073975,25.4856617
115,108,BDI,Burundi,Burundi,Burundi,-3.426449,29.9324519
119,64,BTN,Butï¿½o,Bhutan,Bhutï¿½n,27.549511,90.5119273
127,132,CPV,Cabo Verde,Cape Verde,Cabo Verde,,
137,136,CYM,"Cayman, Ilhas",Cayman Islands,"Caimï¿½n, Islas",19.7031822,-79.9174627
141,116,KHM,Camboja,Cambodia,Camboya,12.5433216,104.8144914
145,120,CMR,Camarï¿½es,Cameroon,Camerï¿½n,4.6125522,13.1535811
149,124,CAN,Canadï¿½,Canada,Canadï¿½,61.0666922,-107.991707
150,831,GGY,"Canal, Ilhas do (Guernsey)",Guernsey,Guernsey,49.4622913,-2.5812023
151,724,ESP,"Canï¿½rias, Ilhas","Canary, Islands","Canarias, Islas",28.2935785,-16.6214471
152,826,GBR,"Canal, Ilhas do (Jersey)",Jersey,Jersey,49.2214561,-2.1358386
153,398,KAZ,Cazaquistï¿½o,Kazakhstan,Kazakhstï¿½n,48.1012954,66.7780818
154,634,QAT,Catar,Qatar,Qatar,25.3336984,51.2295295
158,152,CHL,Chile,Chile,Chile,-31.7613365,-71.3187697
160,156,CHN,China,China,China,35.000074,104.999927
161,158,TWN,Taiwan (Formosa),Taiwan,Taiwï¿½n,23.9739374,120.9820179
163,196,CYP,Chipre,Cyprus,Chipre,34.9174159,32.8899027
165,166,CCK,"Cocos (Keeling), Ilhas",Cocos (Keeling) Islands,"Cocos (Keeling), Islas",-12.0728315,96.8409375
169,170,COL,Colï¿½mbia,Colombia,Colombia,4.099917,-72.9088133
173,174,COM,Comores,Comoros,Comoras,-12.2045176,44.2832964
177,178,COG,Congo,Congo,Congo,-2.9814344,23.8222636
183,184,COK,"Cook, Ilhas",Cook Islands,"Cook, Islas",-19.9969716,-157.7858714
187,408,PRK,Coreia do Norte,North Korea,Corea (Norte),40.3736611,127.0870417
190,410,KOR,Coreia do Sul,South Korea,Corea (Sur),36.638392,127.6961188
193,384,CIV,Costa do Marfim,Cote D'Ivore,Costa de Marfil,,
195,191,HRV,Croï¿½cia,Croatia,Croacia,45.3658443,15.6575209
196,188,CRI,Costa Rica,Costa Rica,Costa Rica,10.2735633,-84.0739102
198,414,KWT,Coveite (Kuweit),Kuwait,Kuwait,29.2733964,47.4979476
199,192,CUB,Cuba,Cuba,Cuba,23.0131338,-80.8328748
200,531,CUW,Curaï¿½ao,Curaï¿½ao,Curazao,-34.7552832,-55.9797027
229,204,BEN,Benin,Benin,Benin,9.5293472,2.2584408
232,208,DNK,Dinamarca,Denmark,Dinamarca,55.670249,10.3333283
235,212,DMA,Dominica,Dominica Island,Dominica,15.4238539,-61.3416513
237,784,ARE,Dubai,Dubai,Dubai,25.0742823,55.1885387
239,218,ECU,Equador,Ecuador,Ecuador,-1.3397668,-79.3666965
240,818,EGY,Egito,Egypt,Egipto,26.2540493,29.2675469
243,232,ERI,Eritreia,Eritrea,Eritrea,15.9500319,37.9999668
244,784,ARE,Emirados ï¿½rabes Unidos,United Arab Emirates,Emiratos ï¿½rabes Unidos,24.0002488,53.9994829
245,724,ESP,Espanha,Spain,Espaï¿½a,39.3260685,-4.8379791
246,705,SVN,Eslovï¿½nia,Slovenia,Eslovenia,46.1199444,14.8153333
247,703,SVK,Eslovï¿½quia,Slovakia,Eslovaquia,48.7411522,19.4528646
249,840,USA,Estados Unidos,United States,Estados Unidos,39.7837304,-100.445882
251,233,EST,Estï¿½nia,Estonia,Estonia,58.7523778,25.3319078
253,231,ETH,Etiï¿½pia,Ethiopia,Etiopï¿½a,10.2116702,38.6521203
255,238,FLK,Falkland (Malvinas),Falkland Islands (Malvinas),"Malvinas (Falkland), Islas",-51.9492937,-59.5383657
259,234,FRO,"Faroe, Ilhas",Faroe Islands,"Feroï¿½, Islas",62.1988704,-6.8178451
267,608,PHL,Filipinas,Philippines,Filipinas,12.7503486,122.7312101
271,246,FIN,Finlï¿½ndia,Finland,Finlandia,63.2467777,25.9209164
275,250,FRA,Franï¿½a,France,Francia,46.603354,1.8883335
281,266,GAB,Gabï¿½o,Gabon,Gabï¿½n,-0.8999695,11.6899699
285,270,GMB,Gï¿½mbia,Gambia,Gambia,13.470062,-15.4900464
289,288,GHA,Gana,Ghana,Ghana,8.0300284,-1.0800271
291,268,GEO,Geï¿½rgia,Georgia,Georgia,32.3293809,-83.1137366
292,239,SGS,"Geï¿½rgia do Sul e Sandwich do Sul, Ilhas",South Georgia and the South Sandwich Islands,Islas Georgias del Sur y Sandwich del Sur,-54.8432857,-35.8090698
293,292,GIB,Gibraltar,Gibraltar,Gibraltar,36.1285933,-5.3474761
297,308,GRD,Granada,Grenada,Granada,12.1360374,-61.6904045
301,300,GRC,Grï¿½cia,Greece,Grecia,38.9953683,21.9877132
305,304,GRL,Groenlï¿½ndia,Greenland,Groenlandia,77.6192349,-42.8125967
309,312,GLP,Guadalupe,Guadeloupe,Guadalupe,16.2528827,-61.5686855
313,316,GUM,Guam,Guam,Guam,13.4499943,144.7651677
317,320,GTM,Guatemala,Guatemala,Guatemala,15.5855545,-90.345759
321,898,GGY,Guernsey,Guernsey,Guernsey,49.4622913,-2.5812023
325,254,GUF,Guiana Francesa,French Guyana,Guyana Francesa,4.0039882,-52.999998
329,324,GIN,Guinï¿½,Guinea,Guinea,10.7226226,-10.7083587
331,226,GNQ,Guinï¿½ Equatorial,Equatorial Guinea,Guinea Ecuatorial,1.613172,10.5170357
334,624,GNB,Guinï¿½-Bissau,Guinea-Bissau,Guinea-Bissau,11.815215,-15.2351044
337,328,GUY,Guiana,Guyana,Guyana,4.8417097,-58.6416891
341,332,HTI,Haiti,Haiti,Haiti,19.1399952,-72.3570972
343,334,HMD,"Heard e ilhas mcdonald, Ilha",Heard Island and McDonald Islands,Islas Heard y McDonald,-53.0166353,72.955751
345,340,HND,Honduras,Honduras,Honduras,15.2572432,-86.0755145
351,344,HKG,Hong Kong,Hong Kong,Hong Kong,22.350627,114.1849161
355,348,HUN,Hungria,Hungary,Hungrï¿½a,47.1817585,19.5060937
357,887,YEM,Iï¿½men,Yemen,Yemen,16.3471243,47.8915271
358,720,YMD,Iï¿½men Democrï¿½tico,Democratic Yemen,Yemen Democrï¿½tico,,
359,833,IMN,Ilha de Man,Isle of Man,Isla de Man,54.1936805,-4.5591148
361,356,IND,ï¿½ndia,India,India,22.3511148,78.6677428
365,360,IDN,Indonï¿½sia,Indonesia,Indonesia,-2.4833826,117.8902853
367,826,GBR,Inglaterra,England,Inglaterra,52.5310214,-1.2649062
369,368,IRQ,Iraque,Iraq,Irak,33.0955793,44.1749775
372,364,IRN,Irï¿½,Iran,Irï¿½n,32.6475314,54.5643516
375,372,IRL,Irlanda,Ireland,Irlanda,52.865196,-7.9794599
379,352,ISL,Islï¿½ndia,Iceland,Islandia,64.9841821,-18.1059013
383,376,ISR,Israel,Israel,Israel,,
386,380,ITA,Itï¿½lia,Italy,Italia,42.6384261,12.674297
388,891,SCG,Iugoslï¿½via,Yugoslavia,Yugoslavia,-16.1479939,-68.241578
391,388,JAM,Jamaica,Jamaica,Jamaica,18.1850507,-77.3947693
393,898,ZZZ,Jersey,Jersey,Jersey,49.2214561,-2.1358386
396,840,USA,"Johnston, Ilhas",Johnston (Island),Johnston (Isla),16.7288959,-169.5338642
399,392,JPN,Japï¿½o,Japan,Japï¿½n,36.5748441,139.2394179
403,400,JOR,Jordï¿½nia,Jordan,Jordania,31.1667049,36.941628
411,296,KIR,Kiribati,Kiribati,Kiribati,0.3448612,173.6641773
420,418,LAO,Laos,Laos,Laos,20.0171109,103.378253
423,458,MYS,"Lebuan, Ilhas",Lebuan,Lebuan,-8.493,115.3823
426,426,LSO,Lesoto,Lesotho,Lesotho,-29.6039267,28.3350193
427,428,LVA,Letï¿½nia,Latvia,Letonia,56.8406494,24.7537645
431,422,LBN,Lï¿½bano,Lebanon,Lï¿½bano,33.8750629,35.843409
434,430,LBR,Libï¿½ria,Liberia,Liberia,5.7499721,-9.3658524
438,434,LBY,Lï¿½bia,Libya,Libia,26.8234472,18.1236723
440,438,LIE,Liechtenstein,Liechtenstein,Liechtenstein,47.1416307,9.5531527
442,440,LTU,Lituï¿½nia,Lithuania,Lituania,55.3500003,23.7499997
445,442,LUX,Luxemburgo,Luxembourg,Luxemburgo,49.8158683,6.1296751
447,446,MAC,Macau,Macao,Macao,22.1757605,113.5514142
449,807,MKD,Macedï¿½nia,Macedonia,Macedonia,41.1927739,-95.4256198
450,450,MDG,Madagascar,Madagascar,Madagascar,-18.9249604,46.4416422
452,620,PRT,"Madeira, Ilha da",Madeira,Madeira,32.7517501,-16.9817487
455,458,MYS,Malï¿½sia,Malaysia,Malasia,4.5693754,102.2656823
458,454,MWI,Malavi,Malawi,Malawi,-13.2687204,33.9301963
461,462,MDV,Maldivas,Maldives,Maldivas,3.7203503,73.2244152
464,466,MLI,Mali,Mali,Mali,16.3700359,-2.2900239
467,470,MLT,Malta,Malta,Malta,35.8885993,14.4476911
472,580,MNP,"Marianas do Norte, Ilhas",Northern Marianas,"Marianas Septentrionales, Islas",13.4501175,144.7577088
474,504,MAR,Marrocos,Morocco,Marruecos,28.3347722,-10.3713379
476,584,MHL,"Marshall, Ilhas",Marshall Islands,Islas Marshall,8.9995549,168.0002575
477,474,MTQ,Martinica,Martinique,Martinica,14.6113732,-60.9620777
485,480,MUS,Maurï¿½cio,Mauritius,Mauricio,-20.2759451,57.5703566
488,478,MRT,Mauritï¿½nia,Mauritania,Mauritania,20.2540382,-9.2399263
489,898,ZZZ,Mayotte,Mayotte,Mayotte,-12.823048,45.1520755
490,581,UMI,"Midway, Ilhas","Midway, Islands","Midways, Islas",31.734646,-81.31408
493,484,MEX,Mï¿½xico,Mexico,Mï¿½xico,23.6585116,-102.0077097
494,498,MDA,Moldï¿½via,Moldova,"Moldova, Repï¿½blica de",47.2879608,28.5670941
495,492,MCO,Mï¿½naco,Monaco,Mï¿½naco,43.7323492,7.4276832
497,496,MNG,Mongï¿½lia,Mongolia,Mongolia,46.8250388,103.8499736
498,499,MNE,Montenegro,Montenegro,Montenegro,42.7755624,19.2022423
499,583,FSM,Micronï¿½sia,Micronesia,Micronesia,8.6062347,151.8327443
501,500,MSR,Montserrat,Montserrat,Montserrat,16.7417041,-62.1916844
505,508,MOZ,Moï¿½ambique,Mozambique,Mozambique,-19.302233,34.9144977
507,516,NAM,Namï¿½bia,Namibia,Namibia,-23.2335499,17.3231107
508,520,NRU,Nauru,Nauru,Nauru,-0.5252306,166.9324426
511,162,CXR,"Christmas (Navidad), Ilha",Christmas Island,"Navidad (Christmas), Isla",-10.4837768,105.64723
517,524,NPL,Nepal,Nepal,Nepal,28.3780464,83.9999901
521,558,NIC,Nicarï¿½gua,Nicaragua,Nicaragua,12.3506436,-85.7841006
525,562,NER,Nï¿½ger,Niger,Nï¿½ger,17.7356214,9.3238432
528,566,NGA,Nigï¿½ria,Nigeria,Nigeria,9.6000359,7.9999721
531,570,NIU,Niue,Niue,Niue,-19.0536414,-169.861341
535,574,NFK,"Norfolk, Ilha",Norfolk Island,"Norfolk, Islas",-29.0328038,167.9483137
538,578,NOR,Noruega,Norway,Noruega,61.1529386,8.7876653
542,540,NCL,Nova Caledï¿½nia,New Caledonia,Nueva Caledonia,-20.6378428,161.2117626
545,598,PNG,Papua Nova Guinï¿½,Papua New Guinea,Papua Nueva Guinea,-5.6816069,144.2489081
548,554,NZL,Nova Zelï¿½ndia,New Zealand,Nueva Zelanda,-41.5000831,172.8344077
551,548,VUT,Vanuatu,Vanuatu,Vanuatu,-16.5255069,168.1069154
556,512,OMN,Omï¿½,Oman,Omï¿½n,21.0000287,57.0036901
563,581,UMI,"Pacï¿½fico, Ilhas do (Administraï¿½ï¿½o dos EUA)","Pacific, Islands of (U.S. Administration)","Pacï¿½fico, las Islas (EE.UU administraciï¿½n)",,
566,581,UMI,"Pacï¿½fico, Ilhas do (EUA)",Pacific Islands (USA),"Pacï¿½fico, Islas del (Estados Unidos)",,
569,581,UMI,"Pacï¿½fico, Ilhas do (Territï¿½rio Fideicomisso EUA)","Pacifics, Islands of (U.S. trust territory)","Pacï¿½fico, las islas (EE.UU. TERRITORIO EN FIDEICOMISO",,
573,528,NLD,Paï¿½ses Baixos (Holanda),Netherlands,Paï¿½ses Bajos,52.2434979,5.6343227
575,585,PLW,Palau,Palau,Palau,5.3783537,132.9102573
576,586,PAK,Paquistï¿½o,Pakistan,Pakistï¿½n,30.3308401,71.247499
578,275,PSE,Palestina,Palestine,Palestina,31.7621153,-95.6307891
580,591,PAN,Panamï¿½,Panama,Panamï¿½,8.559559,-81.1308434
583,598,PNG,"Papua, Territï¿½rio de",Papua territory,Territorio de Papua,-35.3034277,149.1239425
586,600,PRY,Paraguai,Paraguay,Paraguay,-23.3165935,-58.1693445
589,604,PER,Peru,Peru,Perï¿½,-6.8699697,-75.0458515
593,612,PCN,Pitcairn,Pitcairn,Pitcairn,-25.0657719,-130.101782
599,258,PYF,Polinï¿½sia Francesa,French Polynesia,Polinesia Francesa,-17.0243749,-144.6434898
603,616,POL,Polï¿½nia,Poland,Polonia,52.215933,19.134422
607,620,PRT,Portugal,Portugal,Portugal,39.6621648,-8.1353519
611,630,PRI,Porto Rico,Puerto Rico,Puerto Rico,18.2247706,-66.4858295
623,404,KEN,Quï¿½nia,Kenya,Kenya,1.4419683,38.4313975
625,417,KGZ,Quirguistï¿½o,Kyrgyzstan,Kirguistï¿½n,41.5089324,74.724091
628,826,GBR,Reino Unido,United Kingdom,Reino Unido,54.7023545,-3.2765753
640,140,CAF,Repï¿½blica Centro-Africana,Central African Republic,Repï¿½blica Centroafricana,7.0323598,19.9981227
647,214,DOM,Repï¿½blica Dominicana,Dominican Republic,Repï¿½blica Dominicana,19.0974031,-70.3028026
660,638,REU,Reuniï¿½o,Reunion,Reuniï¿½n,-21.1309332,55.5265771
665,716,ZWE,Zimbï¿½bue,Zimbabwe,Zimbabwe,-18.4554963,29.7468414
670,642,ROU,Romï¿½nia,Romania,Rumania,45.9852129,24.6859225
675,646,RWA,Ruanda,Rwanda,Ruanda,-1.9646631,30.0644358
676,643,RUS,Rï¿½ssia,Russia,Rusia,64.6863136,97.7453061
677,90,SLB,"Salomï¿½o, Ilhas",Solomon Islands,"Salomï¿½n, Islas",-8.7053941,159.1070694
678,659,KNA,Saint Kitts e Nevis,St. Kitts and Nevis,St. Kitts y Nevis,17.250512,-62.6725973
685,732,ESH,Saara Ocidental,Western Sahara,Sahara Occidental,24.1797324,-13.7667848
687,222,SLV,El Salvador,El Salvador,El Salvador,13.8000382,-88.9140683
690,882,WSM,Samoa,Samoa,Samoa,-13.7693895,-172.12005
691,16,ASM,Samoa Americana,Americana Samoa,Samoa Americana,-14.2491297,-169.4490402
693,652,BLM,Sï¿½o Bartolomeu,Saint Barthelemy,San Bartolomï¿½,17.8967693,-62.825598
695,659,KNA,Sï¿½o Cristï¿½vï¿½o e Nï¿½vis,Saint Christopher and Nevis,Saint Kitts y Nevis,17.3209661,-62.7033333
697,674,SMR,San Marino,San Marino,San Marino,43.9458623,12.458306
698,898,ZZZ,"Sï¿½o Martinho, Ilha de (parte francesa)","Sï¿½o Martinho, Ilha de (parte francesa)","Sï¿½o Martinho, Ilha de (parte francesa)",,
699,534,SXM,Sint Maarten,Sint Maarten,Sint Maarten,18.0423736,-63.0549948
700,666,SPM,Sï¿½o Pedro e Miquelon,Saint Pierre and Miquelon,Saint Pierre y Miquelon,46.8374544,-56.2120555
705,670,VCT,Sï¿½o Vicente e Granadinas,Saint Vicent and the Granadines,San Vicente y las Granadinas,,
710,654,SHN,Santa Helena,Saint Helena,"Santa Helena, Ascenciï¿½n y Tristï¿½n de Acuï¿½a",-15.9690718,-5.71295
715,662,LCA,Santa Lï¿½cia,Saint Lucia,Santa Lucia,13.8250489,-60.975036
720,678,STP,Sï¿½o Tomï¿½ e Prï¿½ncipe,Sï¿½o Tome and Principe,Santo Tomï¿½ y Prï¿½ncipe,,
728,686,SEN,Senegal,Senegal,Senegal,14.4750607,-14.4529612
731,690,SYC,Seicheles,Seychelles,Seychelles,-4.6574977,55.4540146
735,694,SLE,Serra Leoa,Sierra Leone,Sierra Leona,,
737,688,SRB,Sï¿½rvia,Serbia,Serbia,44.0243229,21.0765743
741,702,SGP,Singapura,Singapore,Singapur,1.357107,103.8194992
744,760,SYR,Sï¿½ria,Syria,Siria,34.6401861,39.0494106
748,706,SOM,Somï¿½lia,Somalia,Somalia,8.3676771,49.083416
750,144,LKA,Sri Lanka,Sri Lanka,Sri Lanka,7.5554942,80.7137847
754,748,SWZ,Suazilï¿½ndia,Swaziland,Swazilandia,-26.5624806,31.3991317
755,744,SJM,Svalbard e Jan Mayen,Svalbard and Jan Mayen,Svalbard y Jan Mayen,78.7198519,20.3493328
756,710,ZAF,ï¿½frica do Sul,South Africa,Sudï¿½frica,-28.8166236,24.991639
759,736,SDN,Sudï¿½o,Sudan,Sudï¿½n,,
760,728,SSD,Sudï¿½o do Sul,South Sudan,Sudï¿½n del Sur,,
764,752,SWE,Suï¿½cia,Sweden,Suecia,59.6749712,14.5208584
767,756,CHE,Suï¿½ï¿½a,Switzerland,Suiza,46.7985624,8.2319736
770,740,SUR,Suriname,Suriname,Suriname,4.1413025,-56.0771187
772,762,TJK,Tadjiquistï¿½o,Tajikistan,Tayikistï¿½n,38.6281733,70.8156541
776,764,THA,Tailï¿½ndia,Thailand,Tailandia,14.8971921,100.83273
780,834,TZA,Tanzï¿½nia,Tanzania,Tanzanï¿½a,-6.5247123,35.7878438
781,898,ATF,Terras Austrais Francesas,French Southern Lands,Tierras Australes Francesas,-49.0526903,69.1920087
782,86,IOT,Territï¿½rio Britï¿½nico do Oceano ï¿½ndico,British Indian Ocean Territory,Territorio Britï¿½nico del Ocï¿½ano Indico,-5.3497093,71.8606423
783,262,DJI,Djibuti,Djibouti,Djibouti,11.8145966,42.8453061
785,898,ZZZ,Territï¿½rio da Alta Comissï¿½o do Pacï¿½fico Ocidental,Territory of the High Commissioner of the Western Pacif,Territorio del Alto Comisionado del Pacï¿½fico Occidental,,
786,826,GBR,Territï¿½rio Antï¿½rtico Britï¿½nico,British Antarctic Territory,Territorio Antï¿½rtico Britï¿½nico,-72.5028409,-50.0
788,148,TCD,Chade,Chad,Chad,15.6134137,19.0156172
790,200,CSK,Tchecoslovï¿½quia,Czechoslovakia,Checoslovaquia,48.257918,14.5007688
791,203,CZE,"Tcheca, Repï¿½blica",Czech Republic,Repï¿½blica Checa,49.7439047,15.3381061
795,626,TLS,Timor Leste,East Timor,Timor Leste,-8.7443169,126.063482
800,768,TGO,Togo,Togo,Togo,8.7800265,1.0199765
805,772,TKL,Toquelau,Tokelau,Tokelau,-9.1676396,-171.819687
810,776,TON,Tonga,Tonga,Tonga,-19.9160819,-175.202642
815,780,TTO,Trinidad e Tobago,Trinidad and Tobago,Trinidad y Tobago,10.7466905,-61.0840075
820,788,TUN,Tunï¿½sia,Tunisia,Tï¿½nez,33.8439408,9.400138
823,796,TCA,"Turcas e Caicos, Ilhas","Turks and Caicos, Islands","Turcas y Caicos, Islas",,
824,795,TKM,Turcomenistï¿½o,Turkmenistan,Turkmenistï¿½n,39.3763807,59.3924609
827,792,TUR,Turquia,Turkey,Turquï¿½a,39.294076,35.2316631
828,798,TUV,Tuvalu,Tuvalu,Tuvalu,-8.6405212,179.1582918
831,804,UKR,Ucrï¿½nia,Ukraine,Ucrania,49.4871968,31.2718321
833,800,UGA,Uganda,Uganda,Uganda,1.5333554,32.2166578
840,898,ZZZ,Uniï¿½o das Repï¿½blicas Socialistas Soviï¿½ticas,Union of Soviet Socialist Republics,Uniï¿½n de Repï¿½blicas Socialistas Soviï¿½ticas,,
845,858,URY,Uruguai,Uruguay,Uruguay,-32.8755548,-56.0201525
847,860,UZB,Uzbequistï¿½o,Uzbekistan,Uzbekistï¿½n,41.32373,63.9528098
848,336,VAT,Vaticano,Vatican City,Santa Sede (Vaticano),41.9034912,12.4528349
850,862,VEN,Venezuela,Venezuela,Venezuela,8.0018709,-66.1109318
858,704,VNM,Vietnï¿½,Vietnam,Viet Nam,15.9266657,107.9650855
863,92,VGB,"Virgens, Ilhas (Britï¿½nicas)",Virgin Islands (UK),"Vï¿½rgenes Britï¿½nicas, Islas",51.5104397,-0.1549549
866,850,VIR,"Virgens, Ilhas (Americanas)",Virgin Islands (USA),"Vï¿½rgenes de los Estados Unidos, Islas",17.789187,-64.7080574
870,242,FJI,Fiji,Fiji,Fiji,-18.1239696,179.0122737
873,840,USA,"Wake, Ilha",Wake Island,Isla Wake,19.2969291,166.6255924
875,876,WLF,"Wallis e Futuna, Ilhas",Wallis and Futuna,Wallis y Futuna,-13.289402,-176.204224
888,180,COD,"Congo, Repï¿½blica Democrï¿½tica",Democratic Republic of the Congo,Repï¿½blica Democrï¿½tica del Congo,-2.9814344,23.8222636
890,894,ZMB,Zï¿½mbia,Zambia,Zambia,-14.5189121,27.5589884
895,592,PCZ,Zona do Canal do Panamï¿½,Panama Canal Zone,Zona del Canal de Panamï¿½,8.9537012,-79.5375595
990,898,ZZZ,Provisï¿½o de Navios e Aeronaves,Planes and ships provisions,Disposiciones para buques y aviones,,
994,898,ZZZ,A Designar,To define,A designar,3.118256,101.6765064
995,898,ZZZ,Bancos Centrais,Central Banks,Bancos Centrales,0.3495558,32.6164597
997,898,ZZZ,Organizaï¿½ï¿½es Internacionais,International Organizations,Organizaciones Internacionales,48.254995,16.3487236
998,898,ZZZ,Sem informaï¿½ï¿½o,Sem informaï¿½ï¿½o,Sem informaï¿½ï¿½o,,
999,898,ZZZ,Nï¿½o Declarados,Not declared,No declarados,,
